"timestamp","Gateway [0]","Gateway [0]","Gateway [0]","Gateway [0]","VE.Bus System [276]","VE.Bus System [276]","VE.Bus System [276]","VE.Bus System [276]","VE.Bus System [276]","VE.Bus System [276]","VE.Bus System [276]","VE.Bus System [276]","VE.Bus System [276]","VE.Bus System [276]","VE.Bus System [276]","VE.Bus System [276]","VE.Bus System [276]","VE.Bus System [276]","VE.Bus System [276]","VE.Bus System [276]","VE.Bus System [276]","VE.Bus System [276]","VE.Bus System [276]","VE.Bus System [276]","VE.Bus System [276]","VE.Bus System [276]","VE.Bus System [276]","VE.Bus System [276]","VE.Bus System [276]","VE.Bus System [276]","VE.Bus System [276]","VE.Bus System [276]","VE.Bus System [276]","VE.Bus System [276]","VE.Bus System [276]","VE.Bus System [276]","VE.Bus System [276]","VE.Bus System [276]","VE.Bus System [276]","VE.Bus System [276]","Battery Monitor [512]","Battery Monitor [512]","Battery Monitor [512]","Battery Monitor [512]","Battery Monitor [512]","Battery Monitor [512]","Battery Monitor [512]","Battery Monitor [512]","Battery Monitor [512]","Battery Monitor [512]","Battery Monitor [512]","Battery Monitor [512]","Battery Monitor [512]","Battery Monitor [512]","Battery Monitor [512]","Battery Monitor [512]","Battery Monitor [512]","Battery Monitor [512]","Battery Monitor [512]","Battery Monitor [512]","Battery Monitor [512]","Battery Monitor [512]","Battery Monitor [512]","Solar Charger [279]","Solar Charger [279]","Solar Charger [279]","Solar Charger [279]","Solar Charger [279]","Solar Charger [279]","Solar Charger [279]","Solar Charger [279]","Solar Charger [279]","Solar Charger [279]","Solar Charger [279]","Solar Charger [279]","Solar Charger [279]","Solar Charger [279]","Solar Charger [279]","Solar Charger [279]","Solar Charger [279]","System overview [0]","System overview [0]","System overview [0]","System overview [0]","System overview [0]","System overview [0]","System overview [0]","System overview [0]","System overview [0]","System overview [0]","System overview [0]","System overview [0]","System overview [0]","System overview [0]","System overview [0]","System overview [0]","System overview [0]","System overview [0]","System overview [0]","System overview [0]","System overview [0]","System overview [276]"
"America/New_York (-04:00)","VRM Log time offset","ESS Scheduled Charging","Relay 1 state","CCGX Relay 2 state","Phase rotation","Input voltage phase 1","Input current phase 1","Input frequency 1","Input power 1","Output voltage phase 1","Output current phase 1","Output frequency","Output power 1","Voltage","Current","Battery temperature","Active input","Active input current limit","VE.Bus state","VE.Bus Error","Switch Position","Temperature","Low battery","Overload","Temperatur sensor alarm","Voltage sensor alarm","High DC Ripple","Temperature L1","Low battery L1","Overload L1","High DC Ripple L1","Temperature L2","Low battery L2","Overload L2","High DC Ripple L2","Temperature L3","Low battery L3","Overload L3","High DC Ripple L3","Charge state","Minimum cell temperature","Maximum cell temperature","Voltage","Current","Battery temperature","State of charge","State of health","CVL - Charge Voltage Limit","DVL - Discharge Voltage Limit","CCL - Charge Current Limit","DCL - Discharge Current Limit","Low voltage alarm","High voltage alarm","Low battery temperature alarm","High battery temperature alarm","Cell Imbalance alarm","High charge current alarm","High discharge current alarm","High charge temperature alarm","Low charge temperature alarm","Internal error alarm","Minimum cell voltage","Maximum cell voltage","Voltage","Current","Battery watts","Load state","Charger on/off","Charge state","PV voltage","PV current","PV power","MPPT State","Relay on the charger","Yield today","Maximum charge power today","Yield yesterday","Maximum charge power yesterday","Error code","User yield","AC-Input","PV - DC-coupled","AC Consumption L1","Grid L1","DC System","Voltage","Current","VE.Bus charge current","Battery Power","VE.Bus charge power","Battery State of Charge","Battery state","DVCC Multiple batteries alarm","GX Error #48 DVCC with incompatible firmware","#1 Low SOC; discharge disabled","#2 BatteryLife is active","#3 Charge disabled by BMS","#4 Discharge disabled by BMS","#5 Slow charge is active","#6 Charge disabled by user setting","#7 Discharge disabled by user setting","Grid alarm"
"","s","","","","","V","A","Hz","W","V","A","Hz","W","V","A","C","","A","","","","","","","","","","","","","","","","","","","","","","","C","C","V","A","C","%","%","V","V","A","A","","","","","","","","","","","V","V","V","A","W","","","","V","","","","","kWh","W","kWh","W","","kWh","","W","W","W","W","V","A","A","W","W","%","","","","","","","","","","",""
"2022-05-17 22:26:50","0","Not active","Open","Open","Ok","0.0","0.0","0.00","0","120.1","0.1","60.1","5","26.54","-1.3","25","Disconnected","29.00","Inverting","No error","On","Ok","Ok","Ok","Ok","Ok","Ok","Ok","Ok","Ok","Ok","Ok","Ok","Ok","Ok","Ok","Ok","Ok","Ok","Bulk",,,"26.54","-8.60","27","91.0","100.0","27.6","23.1","0.0","279.9","No alarm","No alarm","No alarm","No alarm","No alarm","No alarm","No alarm","No alarm","No alarm","No alarm","3.32","3.32","26.53","0.0","0","On","On","Off","0.00","0.0","0","Off","Open","3.66","684","4.52","633","No error","153.08","Inverting","0","5","0","193","26.54","-8.60","-1.3","-228.000000","-5","91.0","discharging","No alarm","No alarm","Off","Off","Off","Off","Off","Off","Off","Grid ok"
"2022-05-17 22:27:51","0","Not active","Open","Open","Ok","0.0","0.0","0.00","0","120.1","0.1","59.9","6","26.52","-1.3","25","Disconnected","29.00","Inverting","No error","On","Ok","Ok","Ok","Ok","Ok","Ok","Ok","Ok","Ok","Ok","Ok","Ok","Ok","Ok","Ok","Ok","Ok","Ok","Bulk",,,"26.53","-10.40","27","91.0","100.0","27.6","23.1","0.0","279.9","No alarm","No alarm","No alarm","No alarm","No alarm","No alarm","No alarm","No alarm","No alarm","No alarm","3.32","3.32","26.53","0.0","0","On","On","Off","0.01","0.0","0","Off","Open","3.66","684","4.52","633","No error","153.08","Inverting","0","6","0","241","26.53","-10.40","-1.3","-275.000000","-6","91.0","discharging","No alarm","No alarm","Off","Off","Off","Off","Off","Off","Off","Grid ok"
"2022-05-17 22:28:51","0","Not active","Open","Open","Ok","0.0","0.0","0.00","0","120.1","0.1","59.9","6","26.52","-1.3","25","Disconnected","29.00","Inverting","No error","On","Ok","Ok","Ok","Ok","Ok","Ok","Ok","Ok","Ok","Ok","Ok","Ok","Ok","Ok","Ok","Ok","Ok","Ok","Bulk",,,"26.53","-10.40","27","91.0","100.0","27.6","23.1","0.0","279.9","No alarm","No alarm","No alarm","No alarm","No alarm","No alarm","No alarm","No alarm","No alarm","No alarm",,,"26.56","0.0","0","On","On","Off","0.00","0.0","0","Off","Open","3.66","684","4.52","633","No error","153.08","Inverting","0","6","0","241","26.53","-10.40","-1.3","-275.000000","-5","91.0","discharging","No alarm","No alarm","Off","Off","Off","Off","Off","Off","Off","Grid ok"
"2022-05-17 22:29:50","1","Not active","Open","Open","Ok","0.0","0.0","0.00","0","120.1","0.1","60.1","6","26.52","-1.3","25","Disconnected","29.00","Inverting","No error","On","Ok","Ok","Ok","Ok","Ok","Ok","Ok","Ok","Ok","Ok","Ok","Ok","Ok","Ok","Ok","Ok","Ok","Ok","Bulk",,,"26.53","-10.30","27","91.0","100.0","27.6","23.1","0.0","279.9","No alarm","No alarm","No alarm","No alarm","No alarm","No alarm","No alarm","No alarm","No alarm","No alarm",,,"26.53","0.0","0","On","On","Off","0.00","0.0","0","Off","Open","3.66","684","4.52","633","No error","153.08","Inverting","0","6","0","239","26.53","-10.30","-1.3","-273.000000","-6","91.0","discharging","No alarm","No alarm","Off","Off","Off","Off","Off","Off","Off","Grid ok"
"2022-05-17 22:30:32","1","Not active","Open","Open","Ok","123.5","2.2","60.31","75","123.5","0.3","59.9","21","26.55","0.8","25","AC Input 1","29.00","Bulk","No error","On","Ok","Ok","Ok","Ok","Ok","Ok","Ok","Ok","Ok","Ok","Ok","Ok","Ok","Ok","Ok","Ok","Ok","Ok","Bulk",,,"26.54","-10.30","27","91.0","100.0","27.6","23.1","0.0","279.9","No alarm","No alarm","No alarm","No alarm","No alarm","No alarm","No alarm","No alarm","No alarm","No alarm",,"3.32","26.54","0.0","0","On","On","Off","0.00","0.0","0","Off","Open","3.66","684","4.52","633","No error","153.08","Inverting","0","5","0","294","26.54","-10.30","0.8","-273.000000","-5","91.0","discharging","No alarm","No alarm","Off","Off","Off","Off","Off","Off","Off","Grid ok"
"2022-05-17 22:30:34","2","Not active","Open","Open","Ok","123.5","2.2","60.31","75","123.5","0.3","59.9","21","26.55","0.8","25","AC Input 1","29.00","Bulk","No error","On","Ok","Ok","Ok","Ok","Ok","Ok","Ok","Ok","Ok","Ok","Ok","Ok","Ok","Ok","Ok","Ok","Ok","Ok","Bulk",,,"26.54","-10.30","27","91.0","100.0","27.6","23.1","0.0","279.9","No alarm","No alarm","No alarm","No alarm","No alarm","No alarm","No alarm","No alarm","No alarm","No alarm",,,"26.54","0.0","0","On","On","Off","0.00","0.0","0","Off","Open","3.66","684","4.52","633","No error","153.08","Grid","0","5","0","294","26.54","-10.30","0.8","-273.000000","-5","91.0","discharging","No alarm","No alarm","Off","Off","Off","Off","Off","Off","Off","Grid ok"
"2022-05-17 22:30:51","1","Not active","Open","Open","Ok","123.5","1.9","60.31","76","123.5","0.1","60.1","21","26.54","0.9","25","AC Input 1","29.00","Bulk","No error","On","Ok","Ok","Ok","Ok","Ok","Ok","Ok","Ok","Ok","Ok","Ok","Ok","Ok","Ok","Ok","Ok","Ok","Ok","Bulk",,,"26.54","-7.30","27","91.0","100.0","27.6","23.1","0.0","279.9","No alarm","No alarm","No alarm","No alarm","No alarm","No alarm","No alarm","No alarm","No alarm","No alarm",,"3.32","26.54","0.0","0","On","On","Off","0.00","0.0","0","Off","Open","3.66","684","4.52","633","No error","153.08","Grid","0","19","74","217","26.54","-7.40","0.8","-196.000000","55","91.0","discharging","No alarm","No alarm","Off","Off","Off","Off","Off","Off","Off","Grid ok"
"2022-05-17 22:31:50","2","Not active","Open","Open","Ok","123.5","2.2","60.31","74","123.5","0.2","59.9","21","26.54","0.8","25","AC Input 1","29.00","Bulk","No error","On","Ok","Ok","Ok","Ok","Ok","Ok","Ok","Ok","Ok","Ok","Ok","Ok","Ok","Ok","Ok","Ok","Ok","Ok","Bulk",,,"26.54","-7.40","27","91.0","100.0","27.6","23.1","0.0","279.9","No alarm","No alarm","No alarm","No alarm","No alarm","No alarm","No alarm","No alarm","No alarm","No alarm","3.32","3.32","26.53","0.0","0","On","On","Off","0.00","0.0","0","Off","Open","3.66","684","4.52","633","No error","153.08","Grid","0","21","74","217","26.54","-7.40","0.8","-196.000000","54","91.0","discharging","No alarm","No alarm","Off","Off","Off","Off","Off","Off","Off","Grid ok"
"2022-05-17 22:32:50","0","Not active","Open","Open","Ok","123.9","1.9","60.31","74","123.9","0.1","59.9","21","26.54","0.8","25","AC Input 1","29.00","Bulk","No error","On","Ok","Ok","Ok","Ok","Ok","Ok","Ok","Ok","Ok","Ok","Ok","Ok","Ok","Ok","Ok","Ok","Ok","Ok","Bulk",,,"26.54","-7.50","27","91.0","100.0","27.6","23.1","0.0","279.9","No alarm","No alarm","No alarm","No alarm","No alarm","No alarm","No alarm","No alarm","No alarm","No alarm","3.32",,"26.54","0.0","0","On","On","Off","0.00","0.0","0","Off","Open","3.66","684","4.52","633","No error","153.08","Grid","0","21","74","220","26.54","-7.50","0.8","-199.000000","54","91.0","discharging","No alarm","No alarm","Off","Off","Off","Off","Off","Off","Off","Grid ok"
"2022-05-17 22:33:07","2","Not active","Open","Open","Ok","123.5","1.9","60.31","74","123.5","0.1","60.1","21","26.54","0.8","25","AC Input 1","29.00","Bulk","No error","On","Ok","Ok","Ok","Ok","Ok","Ok","Ok","Ok","Ok","Ok","Ok","Ok","Ok","Ok","Ok","Ok","Ok","Ok","Bulk",,,"26.54","-7.40","27","91.0","100.0","28.7","23.1","1.1","279.9","No alarm","No alarm","No alarm","No alarm","No alarm","No alarm","No alarm","No alarm","No alarm","No alarm",,,"26.55","0.0","0","On","On","Off","0.00","0.0","0","Off","Open","3.66","684","4.52","633","No error","153.08","Grid","0","21","74","217","26.54","-7.40","0.8","-196.000000","53","91.0","discharging","No alarm","No alarm","Off","Off","Off","Off","Off","Off","Off","Grid ok"
"2022-05-17 22:33:51","0","Not active","Open","Open","Ok","120.4","6.8","60.31","801","120.4","0.3","59.9","44","26.61","26.4","25","AC Input 1","29.00","Bulk","No error","On","Ok","Ok","Ok","Ok","Ok","Ok","Ok","Ok","Ok","Ok","Ok","Ok","Ok","Ok","Ok","Ok","Ok","Ok","Bulk",,,"26.61","17.80","27","91.0","100.0","28.7","23.1","30.1","279.9","No alarm","No alarm","No alarm","No alarm","No alarm","No alarm","No alarm","No alarm","No alarm","No alarm","3.32","3.33","26.63","0.0","0","On","On","Off","0.00","0.0","0","Off","Open","3.66","684","4.52","633","No error","153.08","Grid","0","31","749","163","26.61","17.80","23.9","473.000000","686","91.0","charging","No alarm","No alarm","Off","Off","Off","Off","Off","Off","Off","Grid ok"
"2022-05-17 22:34:50","1","Not active","Open","Open","Ok","115.2","18.3","60.31","2087","115.2","0.5","59.9","54","26.79","65.1","25","AC Input 1","29.00","Bulk","No error","On","Ok","Ok","Ok","Ok","Ok","Ok","Ok","Ok","Ok","Ok","Ok","Ok","Ok","Ok","Ok","Ok","Ok","Ok","Bulk",,,"26.78","57.50","27","91.0","100.0","28.7","23.1","70.1","279.9","No alarm","No alarm","No alarm","No alarm","No alarm","No alarm","No alarm","No alarm","No alarm","No alarm","3.34","3.35","26.79","0.0","0","On","On","Off","0.00","0.0","0","Off","Open","3.66","684","4.52","633","No error","153.08","Grid","0","53","2077","205","26.78","57.50","65.1","1539.000000","2024","91.0","charging","No alarm","No alarm","Off","Off","Off","Off","Off","Off","Off","Grid ok"
"2022-05-17 22:35:50","1","Not active","Open","Open","Ok","115.2","18.5","60.31","2110","115.2","0.6","60.1","64","26.85","65.3","25","AC Input 1","29.00","Bulk","No error","On","Ok","Ok","Ok","Ok","Ok","Ok","Ok","Ok","Ok","Ok","Ok","Ok","Ok","Ok","Ok","Ok","Ok","Ok","Bulk",,,"26.87","58.60","27","91.0","100.0","28.7","23.1","110.1","279.9","No alarm","No alarm","No alarm","No alarm","No alarm","No alarm","No alarm","No alarm","No alarm","No alarm","3.35","3.37","26.87","0.0","0","On","On","Off","0.00","0.0","0","Off","Open","3.66","684","4.52","633","No error","153.08","Grid","0","64","2110","183","26.87","58.60","65.4","1574.000000","2045","91.0","charging","No alarm","No alarm","Off","Off","Off","Off","Off","Off","Off","Grid ok"
"2022-05-17 22:36:51","1","Not active","Open","Open","Ok","115.2","18.5","60.31","2122","115.2","0.6","59.9","68","26.92","64.8","26","AC Input 1","29.00","Bulk","No error","On","Ok","Ok","Ok","Ok","Ok","Ok","Ok","Ok","Ok","Ok","Ok","Ok","Ok","Ok","Ok","Ok","Ok","Ok","Bulk",,,"26.91","58.30","27","91.0","100.0","28.7","23.1","151.0","279.9","No alarm","No alarm","No alarm","No alarm","No alarm","No alarm","No alarm","No alarm","No alarm","No alarm","3.35","3.38","26.90","0.0","0","On","On","Off","0.00","0.0","0","Off","Open","3.66","684","4.52","633","No error","153.08","Grid","0","75","2123","195","26.91","58.30","65.5","1568.000000","2050","91.0","charging","No alarm","No alarm","Off","Off","Off","Off","Off","Off","Off","Grid ok"
"2022-05-17 22:37:50","2","Not active","Open","Open","Ok","115.6","18.3","60.31","2112","115.6","0.4","59.9","65","26.95","65.1","26","AC Input 1","29.00","Bulk","No error","On","Ok","Ok","Ok","Ok","Ok","Ok","Ok","Ok","Ok","Ok","Ok","Ok","Ok","Ok","Ok","Ok","Ok","Ok","Bulk",,,"26.96","57.90","27","92.0","100.0","28.7","23.1","191.0","279.9","No alarm","No alarm","No alarm","No alarm","No alarm","No alarm","No alarm","No alarm","No alarm","No alarm","3.36","3.38","26.95","0.0","0","On","On","Off","0.00","0.0","0","Off","Open","3.66","684","4.52","633","No error","153.08","Grid","0","65","2112","200","26.96","57.90","65.3","1560.000000","2053","92.0","charging","No alarm","No alarm","Off","Off","Off","Off","Off","Off","Off","Grid ok"
"2022-05-17 22:38:50","2","Not active","Open","Open","Ok","115.6","18.5","60.31","2116","115.6","0.5","60.1","67","26.96","65.1","26","AC Input 1","29.00","Bulk","No error","On","Ok","Ok","Ok","Ok","Ok","Ok","Ok","Ok","Ok","Ok","Ok","Ok","Ok","Ok","Ok","Ok","Ok","Ok","Bulk",,,"26.97","57.90","27","92.0","100.0","28.7","23.1","232.1","279.9","No alarm","No alarm","No alarm","No alarm","No alarm","No alarm","No alarm","No alarm","No alarm","No alarm","3.36","3.39","26.97","0.0","0","On","On","Off","0.00","0.0","0","Off","Open","3.66","684","4.52","633","No error","153.08","Grid","0","67","2124","216","26.97","57.90","65.9","1561.000000","2074","92.0","charging","No alarm","No alarm","Off","Off","Off","Off","Off","Off","Off","Grid ok"
"2022-05-17 22:39:52","0","Not active","Open","Open","Ok","115.6","18.3","60.31","2114","115.6","0.4","59.9","66","26.98","65.3","26","AC Input 1","29.00","Bulk","No error","On","Ok","Ok","Ok","Ok","Ok","Ok","Ok","Ok","Ok","Ok","Ok","Ok","Ok","Ok","Ok","Ok","Ok","Ok","Bulk",,,"26.99","58.20","27","92.0","100.0","28.7","23.1","272.0","279.9","No alarm","No alarm","No alarm","No alarm","No alarm","No alarm","No alarm","No alarm","No alarm","No alarm","3.37","3.38","26.98","0.0","0","On","On","Off","0.00","0.0","0","Off","Open","3.66","684","4.52","633","No error","153.08","Grid","0","66","2114","208","26.98","57.60","65.3","1554.000000","2046","92.0","charging","No alarm","No alarm","Off","Off","Off","Off","Off","Off","Off","Grid ok"
"2022-05-17 22:40:50","2","Not active","Open","Open","Ok","115.2","18.5","60.31","2138","115.2","0.5","59.9","62","26.99","66.0","26","AC Input 1","29.00","Bulk","No error","On","Ok","Ok","Ok","Ok","Ok","Ok","Ok","Ok","Ok","Ok","Ok","Ok","Ok","Ok","Ok","Ok","Ok","Ok","Bulk",,,"27.00","58.50","28","92.0","100.0","28.7","23.1","279.9","279.9","No alarm","No alarm","No alarm","No alarm","No alarm","No alarm","No alarm","No alarm","No alarm","No alarm","3.37","3.39","27.01","0.0","0","On","On","Off","0.00","0.0","0","Off","Open","3.66","684","4.52","633","No error","153.08","Grid","0","62","2138","202","27.00","58.50","66.0","1579.000000","2078","92.0","charging","No alarm","No alarm","Off","Off","Off","Off","Off","Off","Off","Grid ok"
"2022-05-17 22:41:50","2","Not active","Open","Open","Ok","115.2","18.5","60.31","2120","115.2","0.6","60.1","71","27.01","65.6","26","AC Input 1","29.00","Bulk","No error","On","Ok","Ok","Ok","Ok","Ok","Ok","Ok","Ok","Ok","Ok","Ok","Ok","Ok","Ok","Ok","Ok","Ok","Ok","Bulk",,,"27.01","57.70","27","92.0","100.0","28.7","23.1","279.9","279.9","No alarm","No alarm","No alarm","No alarm","No alarm","No alarm","No alarm","No alarm","No alarm","No alarm","3.37","3.38","26.98","0.0","0","On","On","Off","0.00","0.0","0","Off","Open","3.66","684","4.52","633","No error","153.08","Grid","0","71","2120","214","27.01","57.70","65.6","1558.000000","2050","92.0","charging","No alarm","No alarm","Off","Off","Off","Off","Off","Off","Off","Grid ok"
"2022-05-17 22:42:51","0","Not active","Open","Open","Ok","115.2","19.1","60.31","2191","115.2","1.0","59.9","130","27.00","65.3","26","AC Input 1","29.00","Bulk","No error","On","Ok","Ok","Ok","Ok","Ok","Ok","Ok","Ok","Ok","Ok","Ok","Ok","Ok","Ok","Ok","Ok","Ok","Ok","Bulk",,,"26.99","56.30","28","93.0","100.0","28.7","23.1","279.9","279.9","No alarm","No alarm","No alarm","No alarm","No alarm","No alarm","No alarm","No alarm","No alarm","No alarm","3.37","3.39","26.99","0.0","0","On","On","Off","0.00","0.0","0","Off","Open","3.66","684","4.52","633","No error","153.08","Grid","0","130","2191","244","26.99","56.30","65.3","1519.000000","2061","93.0","charging","No alarm","No alarm","Off","Off","Off","Off","Off","Off","Off","Grid ok"
"2022-05-17 22:43:51","0","Not active","Open","Open","Ok","115.2","19.1","60.31","2199","115.2","0.9","59.9","138","27.02","64.4","26","AC Input 1","29.00","Bulk","No error","On","Ok","Ok","Ok","Ok","Ok","Ok","Ok","Ok","Ok","Ok","Ok","Ok","Ok","Ok","Ok","Ok","Ok","Ok","Bulk",,,"27.00","57.90","28","93.0","100.0","28.7","23.1","279.9","279.9","No alarm","No alarm","No alarm","No alarm","No alarm","No alarm","No alarm","No alarm","No alarm","No alarm","3.36","3.39","27.01","0.0","0","On","On","Off","0.00","0.0","0","Off","Open","3.66","684","4.52","633","No error","153.08","Grid","0","147","2199","177","27.00","57.90","64.4","1563.000000","2052","93.0","charging","No alarm","No alarm","Off","Off","Off","Off","Off","Off","Off","Grid ok"
"2022-05-17 22:44:50","1","Not active","Open","Open","Ok","115.2","19.1","60.31","2174","115.2","1.2","60.1","130","27.01","64.5","26","AC Input 1","29.00","Bulk","No error","On","Ok","Ok","Ok","Ok","Ok","Ok","Ok","Ok","Ok","Ok","Ok","Ok","Ok","Ok","Ok","Ok","Ok","Ok","Bulk",,,"27.02","57.60","28","93.0","100.0","28.7","23.1","279.9","279.9","No alarm","No alarm","No alarm","No alarm","No alarm","No alarm","No alarm","No alarm","No alarm","No alarm","3.37","3.39","27.01","0.0","0","On","On","Off","0.00","0.0","0","Off","Open","3.66","684","4.52","633","No error","153.08","Grid","0","130","2174","186","27.02","57.60","64.5","1556.000000","2044","93.0","charging","No alarm","No alarm","Off","Off","Off","Off","Off","Off","Off","Grid ok"
"2022-05-17 22:45:50","1","Not active","Open","Open","Ok","114.8","19.4","60.31","2199","114.8","1.5","59.9","158","27.01","64.8","26","AC Input 1","29.00","Bulk","No error","On","Ok","Ok","Ok","Ok","Ok","Ok","Ok","Ok","Ok","Ok","Ok","Ok","Ok","Ok","Ok","Ok","Ok","Ok","Bulk",,,"27.02","57.50","28","93.0","100.0","28.7","23.1","279.9","279.9","No alarm","No alarm","No alarm","No alarm","No alarm","No alarm","No alarm","No alarm","No alarm","No alarm","3.37","3.39","27.00","0.0","0","On","On","Off","0.00","0.0","0","Off","Open","3.66","684","4.52","633","No error","153.08","Grid","0","158","2199","197","27.02","57.50","64.8","1553.000000","2044","93.0","charging","No alarm","No alarm","Off","Off","Off","Off","Off","Off","Off","Grid ok"
"2022-05-17 22:46:51","1","Not active","Open","Open","Ok","115.2","18.8","60.31","2168","115.2","0.9","59.9","128","27.02","64.6","26","AC Input 1","29.00","Bulk","No error","On","Ok","Ok","Ok","Ok","Ok","Ok","Ok","Ok","Ok","Ok","Ok","Ok","Ok","Ok","Ok","Ok","Ok","Ok","Bulk",,,"27.03","57.30","28","93.0","100.0","28.7","23.1","279.9","279.9","No alarm","No alarm","No alarm","No alarm","No alarm","No alarm","No alarm","No alarm","No alarm","No alarm","3.37","3.38","27.00","0.0","0","On","On","Off","0.00","0.0","0","Off","Open","3.66","684","4.52","633","No error","153.08","Grid","0","128","2168","197","27.03","57.30","64.6","1548.000000","2040","93.0","charging","No alarm","No alarm","Off","Off","Off","Off","Off","Off","Off","Grid ok"
"2022-05-17 22:47:51","1","Not active","Open","Open","Ok","114.8","19.1","60.31","2180","114.8","1.2","60.1","126","27.02","65.5","26","AC Input 1","29.00","Bulk","No error","On","Ok","Ok","Ok","Ok","Ok","Ok","Ok","Ok","Ok","Ok","Ok","Ok","Ok","Ok","Ok","Ok","Ok","Ok","Bulk",,,"27.02","57.60","28","93.0","100.0","28.7","23.1","279.9","279.9","No alarm","No alarm","No alarm","No alarm","No alarm","No alarm","No alarm","No alarm","No alarm","No alarm","3.36","3.39","27.02","0.0","0","On","On","Off","0.28","0.0","0","Off","Open","3.66","684","4.52","633","No error","153.08","Grid","0","126","2180","201","27.02","57.60","65.0","1556.000000","2050","93.0","charging","No alarm","No alarm","Off","Off","Off","Off","Off","Off","Off","Grid ok"
"2022-05-17 22:48:50","2","Not active","Open","Open","Ok","115.2","19.1","60.31","2171","115.2","1.2","60.1","129","27.01","65.1","26","AC Input 1","29.00","Bulk","No error","On","Ok","Ok","Ok","Ok","Ok","Ok","Ok","Ok","Ok","Ok","Ok","Ok","Ok","Ok","Ok","Ok","Ok","Ok","Bulk",,,"27.01","59.20","28","94.0","100.0","28.7","23.1","279.9","279.9","No alarm","No alarm","No alarm","No alarm","No alarm","No alarm","No alarm","No alarm","No alarm","No alarm","3.37","3.39","27.05","0.0","0","On","On","Off","0.37","0.0","0","Off","Open","3.66","684","4.52","633","No error","153.08","Grid","0","129","2171","166","27.01","59.10","65.2","1596.000000","2044","94.0","charging","No alarm","No alarm","Off","Off","Off","Off","Off","Off","Off","Grid ok"
"2022-05-17 22:49:50","2","Not active","Open","Open","Ok","114.8","19.1","60.31","2197","114.8","1.0","60.1","131","27.02","66.2","26","AC Input 1","29.00","Bulk","No error","On","Ok","Ok","Ok","Ok","Ok","Ok","Ok","Ok","Ok","Ok","Ok","Ok","Ok","Ok","Ok","Ok","Ok","Ok","Bulk",,,"27.02","59.20","28","94.0","100.0","28.7","23.1","279.9","279.9","No alarm","No alarm","No alarm","No alarm","No alarm","No alarm","No alarm","No alarm","No alarm","No alarm","3.37","3.39","27.02","0.0","0","On","On","Off","0.37","0.0","0","Off","Open","3.66","684","4.52","633","No error","153.08","Grid","0","131","2197","181","27.03","59.50","66.2","1608.000000","2072","94.0","charging","No alarm","No alarm","Off","Off","Off","Off","Off","Off","Off","Grid ok"
"2022-05-17 22:50:51","0","Not active","Open","Open","Ok","114.8","18.8","60.31","2159","114.8","0.9","59.9","119","27.02","64.6","26","AC Input 1","29.00","Bulk","No error","On","Ok","Ok","Ok","Ok","Ok","Ok","Ok","Ok","Ok","Ok","Ok","Ok","Ok","Ok","Ok","Ok","Ok","Ok","Bulk",,,"27.02","58.80","28","94.0","100.0","28.7","23.1","279.9","279.9","No alarm","No alarm","No alarm","No alarm","No alarm","No alarm","No alarm","No alarm","No alarm","No alarm","3.37","3.38","27.00","0.0","0","On","On","Off","0.37","0.0","0","Off","Open","3.66","684","4.52","633","No error","153.08","Grid","0","119","2159","157","27.02","58.80","64.6","1588.000000","2047","94.0","charging","No alarm","No alarm","Off","Off","Off","Off","Off","Off","Off","Grid ok"
"2022-05-17 22:51:51","0","Not active","Open","Open","Ok","114.8","19.1","60.31","2177","114.8","1.0","60.1","135","27.04","65.4","26","AC Input 1","29.00","Bulk","No error","On","Ok","Ok","Ok","Ok","Ok","Ok","Ok","Ok","Ok","Ok","Ok","Ok","Ok","Ok","Ok","Ok","Ok","Ok","Bulk",,,"27.03","59.00","28","94.0","100.0","28.7","23.1","279.9","279.9","No alarm","No alarm","No alarm","No alarm","No alarm","No alarm","No alarm","No alarm","No alarm","No alarm","3.37","3.39","27.00","0.0","0","On","On","Off","0.37","0.0","0","Off","Open","3.66","684","4.52","633","No error","153.08","Grid","0","135","2177","164","27.02","59.40","65.4","1604.000000","2044","94.0","charging","No alarm","No alarm","Off","Off","Off","Off","Off","Off","Off","Grid ok"
"2022-05-17 22:52:50","1","Not active","Open","Open","Ok","114.8","18.8","60.31","2164","114.8","0.9","59.9","113","27.02","64.9","26","AC Input 1","29.00","Bulk","No error","On","Ok","Ok","Ok","Ok","Ok","Ok","Ok","Ok","Ok","Ok","Ok","Ok","Ok","Ok","Ok","Ok","Ok","Ok","Bulk",,,"27.02","58.60","28","94.0","100.0","28.7","23.1","279.9","279.9","No alarm","No alarm","No alarm","No alarm","No alarm","No alarm","No alarm","No alarm","No alarm","No alarm","3.36","3.39","27.00","0.0","0","On","On","Off","0.37","0.0","0","Off","Open","3.66","684","4.52","633","No error","153.08","Grid","0","113","2164","171","27.03","58.60","64.9","1583.000000","2053","94.0","charging","No alarm","No alarm","Off","Off","Off","Off","Off","Off","Off","Grid ok"
"2022-05-17 22:53:50","1","Not active","Open","Open","Ok","114.8","19.1","60.31","2171","114.8","1.0","60.1","117","27.02","64.8","26","AC Input 1","29.00","Bulk","No error","On","Ok","Ok","Ok","Ok","Ok","Ok","Ok","Ok","Ok","Ok","Ok","Ok","Ok","Ok","Ok","Ok","Ok","Ok","Bulk",,,"27.04","59.70","28","94.0","100.0","28.7","23.1","279.9","279.9","No alarm","No alarm","No alarm","No alarm","No alarm","No alarm","No alarm","No alarm","No alarm","No alarm","3.37","3.39","27.01","0.0","0","On","On","Off","0.37","0.0","0","Off","Open","3.66","684","4.52","633","No error","153.08","Grid","0","123","2193","137","27.04","59.70","64.8","1614.000000","2070","94.0","charging","No alarm","No alarm","Off","Off","Off","Off","Off","Off","Off","Grid ok"
"2022-05-17 22:54:50","1","Not active","Open","Open","Ok","115.2","18.8","60.31","2187","115.2","0.9","60.1","120","27.04","66.2","26","AC Input 1","29.00","Bulk","No error","On","Ok","Ok","Ok","Ok","Ok","Ok","Ok","Ok","Ok","Ok","Ok","Ok","Ok","Ok","Ok","Ok","Ok","Ok","Bulk",,,"27.04","59.40","28","95.0","100.0","28.7","23.1","279.9","279.9","No alarm","No alarm","No alarm","No alarm","No alarm","No alarm","No alarm","No alarm","No alarm","No alarm","3.36","3.39","27.06","0.0","0","On","On","Off","0.00","0.0","0","Off","Open","3.66","684","4.52","633","No error","153.08","Grid","0","115","2179","184","27.04","59.40","66.2","1606.000000","2064","95.0","charging","No alarm","No alarm","Off","Off","Off","Off","Off","Off","Off","Grid ok"
"2022-05-17 22:55:50","2","Not active","Open","Open","Ok","114.8","18.8","60.31","2164","114.8","0.9","60.1","114","27.03","64.8","26","AC Input 1","29.00","Bulk","No error","On","Ok","Ok","Ok","Ok","Ok","Ok","Ok","Ok","Ok","Ok","Ok","Ok","Ok","Ok","Ok","Ok","Ok","Ok","Bulk",,,"27.04","59.20","28","95.0","100.0","28.7","23.1","279.9","279.9","No alarm","No alarm","No alarm","No alarm","No alarm","No alarm","No alarm","No alarm","No alarm","No alarm","3.37","3.39","27.02","0.0","0","On","On","Off","0.00","0.0","0","Off","Open","3.66","684","4.52","633","No error","153.08","Grid","0","114","2164","152","27.03","59.20","64.8","1600.000000","2045","95.0","charging","No alarm","No alarm","Off","Off","Off","Off","Off","Off","Off","Grid ok"
"2022-05-17 22:56:50","2","Not active","Open","Open","Ok","114.8","19.1","60.31","2170","114.8","1.0","59.9","115","27.02","65.5","26","AC Input 1","29.00","Bulk","No error","On","Ok","Ok","Ok","Ok","Ok","Ok","Ok","Ok","Ok","Ok","Ok","Ok","Ok","Ok","Ok","Ok","Ok","Ok","Bulk",,,"27.02","56.50","28","95.0","100.0","28.7","23.1","279.9","279.9","No alarm","No alarm","No alarm","No alarm","No alarm","No alarm","No alarm","No alarm","No alarm","No alarm","3.37","3.39","27.00","0.0","0","On","On","Off","0.00","0.0","0","Off","Open","3.66","684","4.52","633","No error","153.08","Grid","0","115","2170","257","27.02","56.00","65.5","1513.000000","2058","95.0","charging","No alarm","No alarm","Off","Off","Off","Off","Off","Off","Off","Grid ok"
"2022-05-17 22:57:51","0","Not active","Open","Open","Ok","115.2","18.8","60.31","2157","115.2","0.9","60.1","112","27.03","64.7","26","AC Input 1","29.00","Bulk","No error","On","Ok","Ok","Ok","Ok","Ok","Ok","Ok","Ok","Ok","Ok","Ok","Ok","Ok","Ok","Ok","Ok","Ok","Ok","Bulk",,,"27.03","55.00","28","95.0","100.0","28.7","23.1","279.9","279.9","No alarm","No alarm","No alarm","No alarm","No alarm","No alarm","No alarm","No alarm","No alarm","No alarm","3.37","3.39","27.03","0.0","0","On","On","Off","0.00","0.0","0","Off","Open","3.66","684","4.52","633","No error","153.08","Grid","0","112","2157","263","27.03","55.00","64.7","1486.000000","2044","95.0","charging","No alarm","No alarm","Off","Off","Off","Off","Off","Off","Off","Grid ok"
"2022-05-17 22:58:51","0","Not active","Open","Open","Ok","114.8","19.1","60.31","2194","114.8","1.0","59.9","153","27.03","64.9","26","AC Input 1","29.00","Bulk","No error","On","Ok","Ok","Ok","Ok","Ok","Ok","Ok","Ok","Ok","Ok","Ok","Ok","Ok","Ok","Ok","Ok","Ok","Ok","Bulk",,,"27.04","55.30","28","95.0","100.0","28.7","23.1","279.9","279.9","No alarm","No alarm","No alarm","No alarm","No alarm","No alarm","No alarm","No alarm","No alarm","No alarm","3.36","3.39","27.05","0.0","0","On","On","Off","0.00","0.0","0","Off","Open","3.66","684","4.52","633","No error","153.08","Grid","0","153","2194","259","27.04","55.30","64.9","1495.000000","2042","95.0","charging","No alarm","No alarm","Off","Off","Off","Off","Off","Off","Off","Grid ok"
"2022-05-17 22:59:50","1","Not active","Open","Open","Ok","114.8","19.1","60.31","2160","114.8","1.0","60.1","123","27.05","65.1","26","AC Input 1","29.00","Bulk","No error","On","Ok","Ok","Ok","Ok","Ok","Ok","Ok","Ok","Ok","Ok","Ok","Ok","Ok","Ok","Ok","Ok","Ok","Ok","Bulk",,,"27.02","55.10","28","95.0","100.0","28.7","23.1","279.9","279.9","No alarm","No alarm","No alarm","No alarm","No alarm","No alarm","No alarm","No alarm","No alarm","No alarm","3.37","3.39","27.01","0.0","0","On","On","Off","0.00","0.0","0","Off","Open","3.66","684","4.52","633","No error","153.08","Grid","0","123","2160","263","27.04","55.40","65.1","1498.000000","2041","95.0","charging","No alarm","No alarm","Off","Off","Off","Off","Off","Off","Off","Grid ok"
"2022-05-17 23:00:50","1","Not active","Open","Open","Ok","115.2","19.1","60.31","2164","115.2","1.2","59.9","113","27.04","65.2","26","AC Input 1","29.00","Bulk","No error","On","Ok","Ok","Ok","Ok","Ok","Ok","Ok","Ok","Ok","Ok","Ok","Ok","Ok","Ok","Ok","Ok","Ok","Ok","Bulk",,,"27.03","55.50","28","96.0","100.0","28.7","23.1","279.9","279.9","No alarm","No alarm","No alarm","No alarm","No alarm","No alarm","No alarm","No alarm","No alarm","No alarm","3.37","3.39","27.04","0.0","0","On","On","Off","0.00","0.0","0","Off","Open","3.66","684","4.52","633","No error","153.08","Grid","0","113","2164","263","27.03","55.50","65.2","1500.000000","2047","96.0","charging","No alarm","No alarm","Off","Off","Off","Off","Off","Off","Off","Grid ok"
"2022-05-17 23:01:51","1","Not active","Open","Open","Ok","115.2","18.8","60.31","2179","115.2","0.9","59.9","133","27.03","65.1","26","AC Input 1","29.00","Bulk","No error","On","Ok","Ok","Ok","Ok","Ok","Ok","Ok","Ok","Ok","Ok","Ok","Ok","Ok","Ok","Ok","Ok","Ok","Ok","Bulk",,,"27.04","55.80","28","96.0","100.0","28.7","23.1","279.9","279.9","No alarm","No alarm","No alarm","No alarm","No alarm","No alarm","No alarm","No alarm","No alarm","No alarm","3.37","3.40","27.03","0.0","0","On","On","Off","0.00","0.0","0","Off","Open","3.66","684","4.52","633","No error","153.08","Grid","0","137","2181","252","27.04","55.80","65.1","1508.000000","2044","96.0","charging","No alarm","No alarm","Off","Off","Off","Off","Off","Off","Off","Grid ok"
"2022-05-17 23:02:50","2","Not active","Open","Open","Ok","115.2","19.1","60.31","2187","115.2","1.0","59.9","130","27.04","65.1","26","AC Input 1","29.00","Bulk","No error","On","Ok","Ok","Ok","Ok","Ok","Ok","Ok","Ok","Ok","Ok","Ok","Ok","Ok","Ok","Ok","Ok","Ok","Ok","Bulk",,,"27.06","57.50","28","96.0","100.0","28.7","23.1","279.9","279.9","No alarm","No alarm","No alarm","No alarm","No alarm","No alarm","No alarm","No alarm","No alarm","No alarm","3.37","3.39","27.06","0.0","0","On","On","Off","0.00","0.0","0","Off","Open","3.66","684","4.52","633","No error","153.08","Grid","0","130","2187","205","27.06","57.50","65.1","1555.000000","2057","96.0","charging","No alarm","No alarm","Off","Off","Off","Off","Off","Off","Off","Grid ok"
"2022-05-17 23:03:50","0","Not active","Open","Open","Ok","114.3","19.1","60.31","2160","114.3","1.0","60.1","109","27.05","65.2","26","AC Input 1","29.00","Bulk","No error","On","Ok","Ok","Ok","Ok","Ok","Ok","Ok","Ok","Ok","Ok","Ok","Ok","Ok","Ok","Ok","Ok","Ok","Ok","Bulk",,,"27.05","56.70","28","96.0","100.0","28.7","23.1","279.9","279.9","No alarm","No alarm","No alarm","No alarm","No alarm","No alarm","No alarm","No alarm","No alarm","No alarm","3.37","3.39","27.08","0.0","0","On","On","Off","0.00","0.0","0","Off","Open","3.66","684","4.52","633","No error","153.08","Grid","0","109","2160","231","27.05","56.70","65.2","1533.000000","2051","96.0","charging","No alarm","No alarm","Off","Off","Off","Off","Off","Off","Off","Grid ok"
"2022-05-17 23:04:51","0","Not active","Open","Open","Ok","114.8","18.5","60.31","2162","114.8","0.6","59.9","108","27.08","64.8","26","AC Input 1","29.00","Bulk","No error","On","Ok","Ok","Ok","Ok","Ok","Ok","Ok","Ok","Ok","Ok","Ok","Ok","Ok","Ok","Ok","Ok","Ok","Ok","Bulk",,,"27.07","57.00","28","96.0","100.0","28.7","23.1","279.9","279.9","No alarm","No alarm","No alarm","No alarm","No alarm","No alarm","No alarm","No alarm","No alarm","No alarm","3.37","3.39","27.07","0.0","0","On","On","Off","0.10","0.0","0","Off","Open","3.66","684","4.52","633","No error","153.08","Grid","0","108","2162","213","27.07","57.00","64.8","1542.000000","2054","96.0","charging","No alarm","No alarm","Off","Off","Off","Off","Off","Off","Off","Grid ok"
"2022-05-17 23:05:50","1","Not active","Open","Open","Ok","114.8","18.8","60.31","2157","114.8","0.8","59.9","106","27.08","65.7","26","AC Input 1","29.00","Bulk","No error","On","Ok","Ok","Ok","Ok","Ok","Ok","Ok","Ok","Ok","Ok","Ok","Ok","Ok","Ok","Ok","Ok","Ok","Ok","Bulk",,,"27.06","57.00","28","96.0","100.0","28.7","23.1","279.9","279.9","No alarm","No alarm","No alarm","No alarm","No alarm","No alarm","No alarm","No alarm","No alarm","No alarm","3.38","3.40","27.08","0.0","0","On","On","Off","0.00","0.0","0","Off","Open","3.66","684","4.52","633","No error","153.08","Grid","0","106","2157","237","27.06","57.00","65.7","1542.000000","2046","96.0","charging","No alarm","No alarm","Off","Off","Off","Off","Off","Off","Off","Grid ok"
"2022-05-17 23:06:50","1","Not active","Open","Open","Ok","114.8","18.8","60.31","2148","114.8","0.9","59.9","108","27.06","64.4","26","AC Input 1","29.00","Bulk","No error","On","Ok","Ok","Ok","Ok","Ok","Ok","Ok","Ok","Ok","Ok","Ok","Ok","Ok","Ok","Ok","Ok","Ok","Ok","Bulk",,,"27.06","56.50","28","97.0","100.0","28.7","23.1","279.9","279.9","No alarm","No alarm","No alarm","No alarm","No alarm","No alarm","No alarm","No alarm","No alarm","No alarm","3.38","3.40","27.08","0.0","0","On","On","Off","0.06","0.0","0","Off","Open","3.66","684","4.52","633","No error","153.08","Grid","0","108","2148","215","27.06","56.50","64.4","1528.000000","2040","97.0","charging","No alarm","No alarm","Off","Off","Off","Off","Off","Off","Off","Grid ok"
"2022-05-17 23:07:51","1","Not active","Open","Open","Ok","114.8","18.8","60.31","2155","114.8","0.8","59.9","105","27.08","65.6","26","AC Input 1","29.00","Bulk","No error","On","Ok","Ok","Ok","Ok","Ok","Ok","Ok","Ok","Ok","Ok","Ok","Ok","Ok","Ok","Ok","Ok","Ok","Ok","Bulk",,"27","27.08","57.40","28","97.0","100.0","28.7","23.1","279.9","279.9","No alarm","No alarm","No alarm","No alarm","No alarm","No alarm","No alarm","No alarm","No alarm","No alarm","3.37","3.40","27.11","0.0","0","On","On","Off","0.00","0.0","0","Off","Open","3.66","684","4.52","633","No error","153.08","Grid","0","105","2155","190","27.08","57.40","64.4","1554.000000","2068","97.0","charging","No alarm","No alarm","Off","Off","Off","Off","Off","Off","Off","Grid ok"
"2022-05-17 23:08:51","1","Not active","Open","Open","Ok","114.8","18.8","60.31","2144","114.8","0.9","59.9","104","27.09","64.3","26","AC Input 1","29.00","Bulk","No error","On","Ok","Ok","Ok","Ok","Ok","Ok","Ok","Ok","Ok","Ok","Ok","Ok","Ok","Ok","Ok","Ok","Ok","Ok","Bulk",,"28","27.10","56.90","28","97.0","100.0","28.7","23.1","279.9","279.9","No alarm","No alarm","No alarm","No alarm","No alarm","No alarm","No alarm","No alarm","No alarm","No alarm","3.37","3.40","27.10","0.0","0","On","On","Off","0.01","0.0","0","Off","Open","3.66","684","4.52","633","No error","153.08","Grid","0","104","2144","201","27.10","56.90","64.3","1541.000000","2039","97.0","charging","No alarm","No alarm","Off","Off","Off","Off","Off","Off","Off","Grid ok"
"2022-05-17 23:09:50","2","Not active","Open","Open","Ok","114.8","18.8","60.31","2150","114.8","0.8","59.9","98","27.10","65.8","26","AC Input 1","29.00","Bulk","No error","On","Ok","Ok","Ok","Ok","Ok","Ok","Ok","Ok","Ok","Ok","Ok","Ok","Ok","Ok","Ok","Ok","Ok","Ok","Bulk",,"27","27.09","56.90","28","97.0","100.0","28.7","23.1","279.9","279.9","No alarm","No alarm","No alarm","No alarm","No alarm","No alarm","No alarm","No alarm","No alarm","No alarm","3.38","3.40","27.08","0.0","0","On","On","Off","0.03","0.0","0","Off","Open","3.66","684","4.52","633","No error","153.08","Grid","0","101","2151","242","27.09","56.90","65.8","1541.000000","2050","97.0","charging","No alarm","No alarm","Off","Off","Off","Off","Off","Off","Off","Grid ok"
"2022-05-17 23:10:51","0","Not active","Open","Open","Ok","114.8","18.8","60.31","2153","114.8","0.8","60.1","98","27.11","65.3","26","AC Input 1","29.00","Bulk","No error","On","Ok","Ok","Ok","Ok","Ok","Ok","Ok","Ok","Ok","Ok","Ok","Ok","Ok","Ok","Ok","Ok","Ok","Ok","Bulk",,"28","27.11","55.10","28","97.0","100.0","28.7","23.1","279.9","279.9","No alarm","No alarm","No alarm","No alarm","No alarm","No alarm","No alarm","No alarm","No alarm","No alarm","3.38","3.40","27.09","0.0","0","On","On","Off","0.02","0.0","0","Off","Open","3.66","684","4.52","633","No error","153.08","Grid","0","98","2153","266","27.11","55.50","65.3","1504.000000","2059","97.0","charging","No alarm","No alarm","Off","Off","Off","Off","Off","Off","Off","Grid ok"
"2022-05-17 23:11:51","0","Not active","Open","Open","Ok","114.8","19.1","60.31","2167","114.8","0.9","59.9","101","27.12","65.2","26","AC Input 1","29.00","Bulk","No error","On","Ok","Ok","Ok","Ok","Ok","Ok","Ok","Ok","Ok","Ok","Ok","Ok","Ok","Ok","Ok","Ok","Ok","Ok","Bulk",,"28","27.12","55.20","28","97.0","100.0","28.7","23.1","279.9","279.9","No alarm","No alarm","No alarm","No alarm","No alarm","No alarm","No alarm","No alarm","No alarm","No alarm","3.38","3.40","27.13","0.0","0","On","On","Off","0.02","0.0","0","Off","Open","3.66","684","4.52","633","No error","153.08","Grid","0","100","2164","263","27.11","55.20","64.9","1496.000000","2064","97.0","charging","No alarm","No alarm","Off","Off","Off","Off","Off","Off","Off","Grid ok"
"2022-05-17 23:12:50","1","Not active","Open","Open","Ok","114.8","18.8","60.31","2162","114.8","0.8","59.9","98","27.13","65.0","26","AC Input 1","29.00","Bulk","No error","On","Ok","Ok","Ok","Ok","Ok","Ok","Ok","Ok","Ok","Ok","Ok","Ok","Ok","Ok","Ok","Ok","Ok","Ok","Bulk",,,"27.14","55.30","28","98.0","100.0","28.7","23.1","279.9","279.9","No alarm","No alarm","No alarm","No alarm","No alarm","No alarm","No alarm","No alarm","No alarm","No alarm","3.38","3.40","27.12","0.0","0","On","On","Off","0.01","0.0","0","Off","Open","3.66","684","4.52","633","No error","153.08","Grid","0","98","2162","272","27.14","55.30","65.3","1500.000000","2063","98.0","charging","No alarm","No alarm","Off","Off","Off","Off","Off","Off","Off","Grid ok"
"2022-05-17 23:13:50","1","Not active","Open","Open","Ok","114.3","18.8","60.31","2136","114.3","0.9","59.9","98","27.13","64.6","26","AC Input 1","29.00","Bulk","No error","On","Ok","Ok","Ok","Ok","Ok","Ok","Ok","Ok","Ok","Ok","Ok","Ok","Ok","Ok","Ok","Ok","Ok","Ok","Bulk","26",,"27.13","53.80","28","98.0","100.0","28.7","23.1","279.9","279.9","No alarm","No alarm","No alarm","No alarm","No alarm","No alarm","No alarm","No alarm","No alarm","No alarm","3.38","3.41","27.13","0.0","0","On","On","Off","0.00","0.0","0","Off","Open","3.66","684","4.52","633","No error","153.08","Grid","0","98","2136","294","27.13","53.80","64.6","1459.000000","2038","98.0","charging","No alarm","No alarm","Off","Off","Off","Off","Off","Off","Off","Grid ok"
"2022-05-17 23:14:51","1","Not active","Open","Open","Ok","114.8","18.5","60.31","2138","114.8","0.5","59.9","99","27.17","64.2","26","AC Input 1","29.00","Bulk","No error","On","Ok","Ok","Ok","Ok","Ok","Ok","Ok","Ok","Ok","Ok","Ok","Ok","Ok","Ok","Ok","Ok","Ok","Ok","Bulk","27",,"27.16","53.80","28","98.0","100.0","28.7","23.1","279.9","279.9","No alarm","No alarm","No alarm","No alarm","No alarm","No alarm","No alarm","No alarm","No alarm","No alarm","3.39","3.40","27.18","0.0","0","On","On","Off","0.00","0.0","0","Off","Open","3.66","684","4.52","633","No error","153.08","Grid","0","98","2137","286","27.16","53.70","64.2","1458.000000","2039","98.0","charging","No alarm","No alarm","Off","Off","Off","Off","Off","Off","Off","Grid ok"
"2022-05-17 23:15:51","1","Not active","Open","Open","Ok","114.3","19.1","60.31","2171","114.3","0.9","59.9","108","27.16","65.1","26","AC Input 1","29.00","Bulk","No error","On","Ok","Ok","Ok","Ok","Ok","Ok","Ok","Ok","Ok","Ok","Ok","Ok","Ok","Ok","Ok","Ok","Ok","Ok","Bulk","27",,"27.18","54.20","28","98.0","100.0","28.7","23.1","279.9","279.9","No alarm","No alarm","No alarm","No alarm","No alarm","No alarm","No alarm","No alarm","No alarm","No alarm","3.39","3.40","27.17","0.0","0","On","On","Off","0.00","0.0","0","Off","Open","3.66","684","4.52","633","No error","153.08","Grid","0","108","2171","295","27.18","54.20","65.1","1473.000000","2065","98.0","charging","No alarm","No alarm","Off","Off","Off","Off","Off","Off","Off","Grid ok"
"2022-05-17 23:16:50","0","Not active","Open","Open","Ok","114.8","18.5","60.31","2145","114.8","0.6","60.1","95","27.23","65.3","26","AC Input 1","29.00","Bulk","No error","On","Ok","Ok","Ok","Ok","Ok","Ok","Ok","Ok","Ok","Ok","Ok","Ok","Ok","Ok","Ok","Ok","Ok","Ok","Bulk","27",,"27.22","55.60","28","98.0","100.0","28.7","23.1","279.9","279.9","No alarm","No alarm","No alarm","No alarm","No alarm","No alarm","No alarm","No alarm","No alarm","No alarm","3.39","3.42","27.23","0.0","0","On","On","Off","0.00","0.0","0","Off","Open","3.66","684","4.52","633","No error","153.08","Grid","0","93","2135","279","27.21","55.10","65.3","1499.000000","2042","98.0","charging","No alarm","No alarm","Off","Off","Off","Off","Off","Off","Off","Grid ok"
"2022-05-17 23:17:51","0","Not active","Open","Open","Ok","114.8","18.8","60.31","2141","114.8","0.8","59.9","93","27.26","63.9","26","AC Input 1","29.00","Bulk","No error","On","Ok","Ok","Ok","Ok","Ok","Ok","Ok","Ok","Ok","Ok","Ok","Ok","Ok","Ok","Ok","Ok","Ok","Ok","Bulk",,,"27.28","57.10","28","98.0","100.0","28.7","23.1","279.9","279.9","No alarm","No alarm","No alarm","No alarm","No alarm","No alarm","No alarm","No alarm","No alarm","No alarm","3.40","3.43","27.28","0.0","0","On","On","Off","0.00","0.0","0","Off","Open","3.66","684","4.52","633","No error","153.08","Grid","0","93","2141","185","27.28","57.10","63.9","1557.000000","2053","98.0","charging","No alarm","No alarm","Off","Off","Off","Off","Off","Off","Off","Grid ok"
"2022-05-17 23:18:51","0","Not active","Open","Open","Ok","114.8","18.8","60.31","2152","114.8","0.8","60.1","96","27.35","64.2","26","AC Input 1","29.00","Bulk","No error","On","Ok","Ok","Ok","Ok","Ok","Ok","Ok","Ok","Ok","Ok","Ok","Ok","Ok","Ok","Ok","Ok","Ok","Ok","Bulk",,,"27.35","56.90","28","99.0","100.0","28.7","23.1","279.9","279.9","No alarm","No alarm","No alarm","No alarm","No alarm","No alarm","No alarm","No alarm","No alarm","No alarm","3.41","3.43","27.37","0.0","0","On","On","Off","0.00","0.0","0","Off","Open","3.66","684","4.52","633","No error","153.08","Grid","0","96","2152","206","27.35","56.70","64.2","1550.000000","2069","99.0","charging","No alarm","No alarm","Off","Off","Off","Off","Off","Off","Off","Grid ok"
"2022-05-17 23:19:50","1","Not active","Open","Open","Ok","114.8","18.5","60.31","2122","114.8","0.8","59.9","89","27.45","63.2","26","AC Input 1","29.00","Bulk","No error","On","Ok","Ok","Ok","Ok","Ok","Ok","Ok","Ok","Ok","Ok","Ok","Ok","Ok","Ok","Ok","Ok","Ok","Ok","Bulk",,,"27.45","56.30","28","99.0","100.0","28.7","23.1","279.9","279.9","No alarm","No alarm","No alarm","No alarm","No alarm","No alarm","No alarm","No alarm","No alarm","No alarm","3.42","3.45","27.45","0.0","0","On","On","Off","0.00","0.0","0","Off","Open","3.66","684","4.52","633","No error","153.08","Grid","0","89","2122","190","27.45","56.30","63.2","1545.000000","2040","99.0","charging","No alarm","No alarm","Off","Off","Off","Off","Off","Off","Off","Grid ok"
"2022-05-17 23:20:51","1","Not active","Open","Open","Ok","114.8","18.8","60.31","2173","114.8","0.6","60.1","97","27.69","64.3","26","AC Input 1","29.00","Bulk","No error","On","Ok","Ok","Ok","Ok","Ok","Ok","Ok","Ok","Ok","Ok","Ok","Ok","Ok","Ok","Ok","Ok","Ok","Ok","Bulk",,,"27.69","57.30","28","99.0","100.0","28.7","23.1","279.9","279.9","No alarm","No alarm","No alarm","No alarm","No alarm","No alarm","No alarm","No alarm","No alarm","No alarm","3.45","3.48","27.68","0.0","0","On","On","Off","0.00","0.0","0","Off","Open","3.66","684","4.52","633","No error","153.08","Grid","0","97","2173","194","27.69","57.30","64.3","1586.000000","2076","99.0","charging","No alarm","No alarm","Off","Off","Off","Off","Off","Off","Off","Grid ok"
"2022-05-17 23:21:51","1","Not active","Open","Open","Ok","114.8","18.5","60.31","2128","114.8","0.8","60.1","92","28.14","62.0","26","AC Input 1","29.00","Bulk","No error","On","Ok","Ok","Ok","Ok","Ok","Ok","Ok","Ok","Ok","Ok","Ok","Ok","Ok","Ok","Ok","Ok","Ok","Ok","Bulk",,,"28.16","55.10","28","99.0","100.0","28.7","23.1","279.9","279.9","No alarm","No alarm","No alarm","No alarm","No alarm","No alarm","No alarm","No alarm","No alarm","No alarm","3.50","3.53","28.17","0.0","0","On","On","Off","0.00","0.0","0","Off","Open","3.66","684","4.52","633","No error","153.08","Grid","0","93","2136","174","28.16","55.80","62.0","1571.000000","2043","99.0","charging","No alarm","No alarm","Off","Off","Off","Off","Off","Off","Off","Grid ok"
"2022-05-17 23:22:29","1","Not active","Open","Open","Ok","115.2","18.5","60.31","2118","115.2","0.8","60.1","93","28.68","61.1","26","AC Input 1","29.00","Absorption","No error","On","Ok","Ok","Ok","Ok","Ok","Ok","Ok","Ok","Ok","Ok","Ok","Ok","Ok","Ok","Ok","Ok","Ok","Ok","Absorption",,,"28.68","53.60","28","99.0","100.0","28.7","23.1","279.9","279.9","No alarm","No alarm","No alarm","No alarm","No alarm","No alarm","No alarm","No alarm","No alarm","No alarm","3.56","3.60","28.73","0.0","0","On","On","Off","0.00","0.0","0","Off","Open","3.66","684","4.52","633","No error","153.08","Grid","0","93","2118","215","28.68","53.60","61.1","1537.000000","2027","99.0","charging","No alarm","No alarm","Off","Off","Off","Off","Off","Off","Off","Grid ok"
"2022-05-17 23:22:35","153","Not active","Closed","Open","Ok","115.2","17.7","60.31","2084","115.2","0.7","59.9","88","28.75","59.6","26","AC Input 1","29.00","Absorption","No error","On","Ok","Ok","Ok","Ok","Ok","Ok","Ok","Ok","Ok","Ok","Ok","Ok","Ok","Ok","Ok","Ok","Ok","Ok","Absorption",,,"28.76","52.30","28","100.0","100.0","27.6","23.1","0.0","279.9","No alarm","Alarm","No alarm","No alarm","No alarm","No alarm","No alarm","No alarm","No alarm","No alarm",,,"28.78","0.0","0","On","On","Off","0.00","0.0","0","Off","Open","3.66","684","4.52","633","No error","153.08","Grid","0","90","2096","209","28.76","52.30","59.6","1504.000000","2006","100.0","charging","No alarm","No alarm","Off","Off","Off","Off","Off","Off","Off","Grid ok"
"2022-05-17 23:22:36","151","Not active","Open","Open","Ok","115.2","18.3","60.31","2096","115.2","0.7","59.9","90","28.75","59.6","26","AC Input 1","29.00","Absorption","No error","On","Ok","Ok","Ok","Ok","Ok","Ok","Ok","Ok","Ok","Ok","Ok","Ok","Ok","Ok","Ok","Ok","Ok","Ok","Absorption",,,"28.76","52.30","28","100.0","100.0","27.6","23.1","0.0","279.9","No alarm","Alarm","No alarm","No alarm","No alarm","No alarm","No alarm","No alarm","No alarm","No alarm","3.56","3.61","28.78","0.0","0","On","On","Off","0.00","0.0","0","Off","Open","3.66","684","4.52","633","No error","153.08","Grid","0","90","2096","209","28.75","53.00","60.3","1523.000000","2015","99.0","charging","No alarm","No alarm","Off","Off","Off","Off","Off","Off","Off","Grid ok"
"2022-05-17 23:22:38","149","Not active","Closed","Open","Ok","115.2","17.2","60.31","2026","115.2","0.6","59.9","83","28.81","59.4","26","AC Input 1","29.00","Absorption","No error","On","Ok","Ok","Ok","Ok","Ok","Ok","Ok","Ok","Ok","Ok","Ok","Ok","Ok","Ok","Ok","Ok","Ok","Ok","Absorption",,,"28.81","52.60","28","100.0","100.0","27.6","23.1","0.0","279.9","No alarm","Alarm","No alarm","No alarm","No alarm","No alarm","No alarm","No alarm","No alarm","No alarm","3.59","3.62","28.84","0.0","0","On","On","Off","0.00","0.0","0","Off","Open","3.66","684","4.52","633","No error","153.08","Grid","0","88","2084","196","28.81","52.60","59.4","1515.000000","1996","100.0","charging","No alarm","No alarm","Off","Off","Off","Off","Off","Off","Off","Grid ok"
"2022-05-17 23:22:45","142","Not active","Open","Open","Ok","123.5","2.2","60.31","150","123.5","0.0","59.9","66","28.66","0.7","26","AC Input 1","29.00","Absorption","No error","On","Ok","Ok","Ok","Ok","Ok","Ok","Ok","Ok","Ok","Ok","Ok","Ok","Ok","Ok","Ok","Ok","Ok","Ok","Absorption",,,"28.55","1.70","28","100.0","100.0","27.6","23.1","0.0","279.9","No alarm","No alarm","No alarm","No alarm","No alarm","No alarm","No alarm","No alarm","No alarm","No alarm","3.56","3.59","28.51","0.0","0","On","On","Off","0.00","0.0","0","Off","Open","3.66","684","4.52","633","No error","153.08","Grid","0","66","150","-14","28.58","1.20","0.7","34.000000","68","100.0","charging","No alarm","No alarm","Off","Off","Off","Off","Off","Off","Off","Grid ok"
"2022-05-17 23:22:52","135","Not active","Open","Open","Ok","123.5","1.6","60.31","67","123.5","0.3","60.1","31","28.47","0.3","26","AC Input 1","29.00","Absorption","No error","On","Ok","Ok","Ok","Ok","Ok","Ok","Ok","Ok","Ok","Ok","Ok","Ok","Ok","Ok","Ok","Ok","Ok","Ok","Absorption",,,"28.43","0.40","28","100.0","100.0","27.6","23.1","0.0","279.9","No alarm","No alarm","No alarm","No alarm","No alarm","No alarm","No alarm","No alarm","No alarm","No alarm","3.54","3.57","28.41","0.0","0","On","On","Off","0.00","0.0","0","Off","Open","3.66","684","4.52","633","No error","153.08","Grid","0","31","67","-5","28.46","0.50","0.3","14.000000","48","100.0","idle","No alarm","No alarm","Off","Off","Off","Off","Off","Off","Off","Grid ok"
"2022-05-17 23:23:00","127","Not active","Open","Open","Ok","123.9","1.1","60.31","40","123.9","0.1","60.1","18","28.35","0.0","26","AC Input 1","29.00","Inverting","No error","On","Ok","Ok","Ok","Ok","Ok","Ok","Ok","Ok","Ok","Ok","Ok","Ok","Ok","Ok","Ok","Ok","Ok","Ok","Absorption",,,"28.30","-0.70","28","100.0","100.0","27.6","23.1","0.0","279.9","No alarm","No alarm","No alarm","No alarm","No alarm","No alarm","No alarm","No alarm","No alarm","No alarm","3.52","3.55","28.27","0.0","0","On","On","Off","0.00","0.0","0","Off","Open","3.66","684","4.52","633","No error","153.08","Grid","0","18","40","0","28.32","0.00","0.0","0.000000","26","100.0","idle","No alarm","No alarm","Off","Off","Off","Off","Off","Off","Off","Grid ok"
"2022-05-17 23:23:02","125","Not active","Open","Open","Ok","0.0","0.0","0.00","0","119.9","0.4","60.1","41","28.27","-2.4","26","Disconnected","29.00","Inverting","No error","On","Ok","Ok","Ok","Ok","Ok","Ok","Ok","Ok","Ok","Ok","Ok","Ok","Ok","Ok","Ok","Ok","Ok","Ok","Absorption",,,"28.28","-2.70","28","100.0","100.0","27.6","23.1","0.0","279.9","No alarm","No alarm","No alarm","No alarm","No alarm","No alarm","No alarm","No alarm","No alarm","No alarm",,,"28.26","0.0","0","On","On","Off","0.00","0.0","0","Off","Open","3.66","684","4.52","633","No error","153.08","Grid","0","18","40","8","28.28","-2.70","-2.4","-76.000000","22","100.0","discharging","No alarm","No alarm","Off","Off","Off","Off","Off","Off","Off","Grid ok"
"2022-05-17 23:23:03","124","Not active","Open","Open","Ok","0.0","0.0","0.00","0","119.9","0.4","60.1","41","28.27","-2.4","26","Disconnected","29.00","Inverting","No error","On","Ok","Ok","Ok","Ok","Ok","Ok","Ok","Ok","Ok","Ok","Ok","Ok","Ok","Ok","Ok","Ok","Ok","Ok","Absorption",,,"28.28","-2.70","28","100.0","100.0","27.6","23.1","0.0","279.9","No alarm","No alarm","No alarm","No alarm","No alarm","No alarm","No alarm","No alarm","No alarm","No alarm","3.52","3.54","28.26","0.0","0","On","On","Off","0.00","0.0","0","Off","Open","3.66","684","4.52","633","No error","153.08","Inverting","0","18","40","8","28.28","-2.70","-2.4","-76.000000","22","100.0","discharging","No alarm","No alarm","Off","Off","Off","Off","Off","Off","Off","Grid ok"
"2022-05-17 23:23:51","77","Not active","Open","Open","Ok","0.0","0.0","0.00","0","119.7","0.1","59.9","6","27.80","-1.3","26","Disconnected","29.00","Inverting","No error","On","Ok","Ok","Ok","Ok","Ok","Ok","Ok","Ok","Ok","Ok","Ok","Ok","Ok","Ok","Ok","Ok","Ok","Ok","Absorption",,,"27.81","-8.60","28","100.0","100.0","27.6","23.1","0.0","279.9","No alarm","No alarm","No alarm","No alarm","No alarm","No alarm","No alarm","No alarm","No alarm","No alarm","3.46","3.48","27.79","0.0","0","On","On","Off","0.00","0.0","0","Off","Open","3.66","684","4.52","633","No error","153.08","Inverting","0","6","0","203","27.81","-8.60","-1.3","-239.000000","-6","100.0","discharging","No alarm","No alarm","Off","Off","Off","Off","Off","Off","Off","Grid ok"
"2022-05-17 23:24:51","17","Not active","Open","Open","Ok","0.0","0.0","0.00","0","119.9","0.1","60.1","6","27.55","-1.3","26","Disconnected","29.00","Inverting","No error","On","Ok","Ok","Ok","Ok","Ok","Ok","Ok","Ok","Ok","Ok","Ok","Ok","Ok","Ok","Ok","Ok","Ok","Ok","Absorption",,,"27.53","-8.40","28","100.0","100.0","27.6","23.1","0.0","279.9","No alarm","No alarm","No alarm","No alarm","No alarm","No alarm","No alarm","No alarm","No alarm","No alarm","3.43","3.45","27.54","0.0","0","On","On","Off","0.00","0.0","0","Off","Open","3.66","684","4.52","633","No error","153.08","Inverting","0","6","0","195","27.53","-8.40","-1.3","-231.000000","-6","100.0","discharging","No alarm","No alarm","Off","Off","Off","Off","Off","Off","Off","Grid ok"
"2022-05-17 23:25:50","2","Not active","Open","Open","Ok","0.0","0.0","0.00","0","119.7","0.1","60.1","5","27.37","-1.2","26","Disconnected","29.00","Inverting","No error","On","Ok","Ok","Ok","Ok","Ok","Ok","Ok","Ok","Ok","Ok","Ok","Ok","Ok","Ok","Ok","Ok","Ok","Ok","Absorption",,,"27.37","-8.30","28","100.0","100.0","27.6","23.1","0.0","279.9","No alarm","No alarm","No alarm","No alarm","No alarm","No alarm","No alarm","No alarm","No alarm","No alarm","3.42","3.42","27.36","0.0","0","On","On","Off","0.00","0.0","0","Off","Open","3.66","684","4.52","633","No error","153.08","Inverting","0","5","0","194","27.37","-8.30","-1.2","-227.000000","-6","100.0","discharging","No alarm","No alarm","Off","Off","Off","Off","Off","Off","Off","Grid ok"
